SetName,Cycle,Time_S,Size_mm,Displacement_mm,Force_N,cross sectional area,thickness,width,load cell,
Tension1,1-Stretch,0.000,44.514,0.001,0.0081,1.96,0.7,2.8,4.5
Tension1,1-Stretch,0.200,44.548,0.035,0.0124
Tension1,1-Stretch,0.400,44.584,0.071,0.0181
Tension1,1-Stretch,0.600,44.62,0.107,0.0181
Tension1,1-Stretch,0.800,44.656,0.143,0.0210
Tension1,1-Stretch,1.000,44.692,0.179,0.0238
Tension1,1-Stretch,1.200,44.727,0.214,0.0238
Tension1,1-Stretch,1.400,44.763,0.25,0.0267
Tension1,1-Stretch,1.600,44.798,0.285,0.0310
Tension1,1-Stretch,1.800,44.834,0.321,0.0310
Tension1,1-Stretch,2.000,44.87,0.357,0.0353
Tension1,1-Stretch,2.200,44.905,0.392,0.0382
Tension1,1-Stretch,2.400,44.941,0.428,0.0382
Tension1,1-Stretch,2.600,44.977,0.464,0.0382
Tension1,1-Stretch,2.800,45.013,0.5,0.0425
Tension1,1-Stretch,3.000,45.047,0.534,0.0410
Tension1,1-Stretch,3.200,45.083,0.57,0.0439
Tension1,1-Stretch,3.400,45.119,0.606,0.0453
Tension1,1-Stretch,3.600,45.155,0.642,0.0468
Tension1,1-Stretch,3.800,45.191,0.678,0.0482
Tension1,1-Stretch,4.000,45.225,0.712,0.0468
Tension1,1-Stretch,4.200,45.261,0.748,0.0525
Tension1,1-Stretch,4.400,45.297,0.784,0.0496
Tension1,1-Stretch,4.600,45.333,0.82,0.0554
Tension1,1-Stretch,4.800,45.369,0.856,0.0525
Tension1,1-Stretch,5.000,45.403,0.89,0.0525
Tension1,1-Stretch,5.200,45.439,0.926,0.0568
Tension1,1-Stretch,5.400,45.475,0.962,0.0568
Tension1,1-Stretch,5.600,45.511,0.998,0.0568
Tension1,1-Stretch,5.800,45.547,1.034,0.0597
Tension1,1-Stretch,6.000,45.581,1.068,0.0568
Tension1,1-Stretch,6.200,45.617,1.104,0.0597
Tension1,1-Stretch,6.400,45.653,1.14,0.0625
Tension1,1-Stretch,6.600,45.689,1.176,0.0611
Tension1,1-Stretch,6.800,45.725,1.212,0.0654
Tension1,1-Stretch,7.000,45.759,1.246,0.0640
Tension1,1-Stretch,7.200,45.795,1.282,0.0683
Tension1,1-Stretch,7.400,45.831,1.318,0.0654
Tension1,1-Stretch,7.600,45.867,1.354,0.0697
Tension1,1-Stretch,7.800,45.903,1.39,0.0683
Tension1,1-Stretch,8.000,45.938,1.425,0.0711
Tension1,1-Stretch,8.200,45.973,1.46,0.0711
Tension1,1-Stretch,8.400,46.009,1.496,0.0740
Tension1,1-Stretch,8.600,46.045,1.532,0.0740
Tension1,1-Stretch,8.800,46.081,1.568,0.0754
Tension1,1-Stretch,9.000,46.116,1.603,0.0740
Tension1,1-Stretch,9.200,46.152,1.639,0.0783
Tension1,1-Stretch,9.400,46.188,1.675,0.0797
Tension1,1-Stretch,9.600,46.223,1.71,0.0769
Tension1,1-Stretch,9.800,46.258,1.745,0.0826
Tension1,1-Stretch,10.000,46.294,1.781,0.0812
Tension1,1-Stretch,10.200,46.33,1.817,0.0812
Tension1,1-Stretch,10.400,46.366,1.853,0.0826
Tension1,1-Stretch,10.600,46.402,1.889,0.0855
Tension1,1-Stretch,10.800,46.436,1.923,0.0826
Tension1,1-Stretch,11.000,46.472,1.959,0.0840
Tension1,1-Stretch,11.200,46.508,1.995,0.0826
Tension1,1-Stretch,11.400,46.544,2.031,0.0855
Tension1,1-Stretch,11.600,46.58,2.067,0.0883
Tension1,1-Stretch,11.800,46.614,2.101,0.0898
Tension1,1-Stretch,12.000,46.65,2.137,0.0883
Tension1,1-Stretch,12.200,46.686,2.173,0.0912
Tension1,1-Stretch,12.400,46.722,2.209,0.0926
Tension1,1-Stretch,12.600,46.758,2.245,0.0926
Tension1,1-Stretch,12.800,46.792,2.279,0.0969
Tension1,1-Stretch,13.000,46.828,2.315,0.0955
Tension1,1-Stretch,13.200,46.864,2.351,0.0969
Tension1,1-Stretch,13.400,46.9,2.387,0.0969
Tension1,1-Stretch,13.600,46.936,2.423,0.1012
Tension1,1-Stretch,13.800,46.97,2.457,0.0984
Tension1,1-Stretch,14.000,47.006,2.493,0.1041
Tension1,1-Stretch,14.200,47.042,2.529,0.0998
Tension1,1-Stretch,14.400,47.078,2.565,0.1041
Tension1,1-Stretch,14.600,47.114,2.601,0.1012
Tension1,1-Stretch,14.800,47.148,2.635,0.1055
Tension1,1-Stretch,15.000,47.184,2.671,0.1041
Tension1,1-Stretch,15.200,47.22,2.707,0.1070
Tension1,1-Stretch,15.400,47.256,2.743,0.1084
Tension1,1-Stretch,15.600,47.292,2.779,0.1084
Tension1,1-Stretch,15.800,47.327,2.814,0.1113
Tension1,1-Stretch,16.000,47.363,2.85,0.1084
Tension1,1-Stretch,16.200,47.398,2.885,0.1127
Tension1,1-Stretch,16.400,47.434,2.921,0.1141
Tension1,1-Stretch,16.600,47.47,2.957,0.1141
Tension1,1-Stretch,16.800,47.505,2.992,0.1113
Tension1,1-Stretch,17.000,47.541,3.028,0.1213
Tension1,1-Stretch,17.200,47.577,3.064,0.1141
Tension1,1-Stretch,17.400,47.613,3.1,0.1199
Tension1,1-Stretch,17.600,47.647,3.134,0.1213
Tension1,1-Stretch,17.800,47.683,3.17,0.1227
Tension1,1-Stretch,18.000,47.719,3.206,0.1199
Tension1,1-Stretch,18.200,47.755,3.242,0.1242
Tension1,1-Stretch,18.400,47.791,3.278,0.1227
Tension1,1-Stretch,18.600,47.825,3.312,0.1242
Tension1,1-Stretch,18.800,47.861,3.348,0.1299
Tension1,1-Stretch,19.000,47.897,3.384,0.1271
Tension1,1-Stretch,19.200,47.933,3.42,0.1299
Tension1,1-Stretch,19.400,47.969,3.456,0.1271
Tension1,1-Stretch,19.600,48.003,3.49,0.1285
Tension1,1-Stretch,19.800,48.039,3.526,0.1328
Tension1,1-Stretch,20.000,48.075,3.562,0.1385
Tension1,1-Stretch,20.200,48.111,3.598,0.1357
Tension1,1-Stretch,20.400,48.147,3.634,0.1357
Tension1,1-Stretch,20.600,48.181,3.668,0.1357
Tension1,1-Stretch,20.800,48.217,3.704,0.1400
Tension1,1-Stretch,21.000,48.253,3.74,0.1357
Tension1,1-Stretch,21.200,48.289,3.776,0.1414
Tension1,1-Stretch,21.400,48.325,3.812,0.1443
Tension1,1-Stretch,21.600,48.359,3.846,0.1443
Tension1,1-Stretch,21.800,48.395,3.882,0.1471
Tension1,1-Stretch,22.000,48.431,3.918,0.1471
Tension1,1-Stretch,22.200,48.467,3.954,0.1500
Tension1,1-Stretch,22.400,48.503,3.99,0.1457
Tension1,1-Stretch,22.600,48.538,4.025,0.1543
Tension1,1-Stretch,22.800,48.573,4.06,0.1514
Tension1,1-Stretch,23.000,48.609,4.096,0.1557
Tension1,1-Stretch,23.200,48.645,4.132,0.1543
Tension1,1-Stretch,23.400,48.681,4.168,0.1600
Tension1,1-Stretch,23.600,48.716,4.203,0.1615
Tension1,1-Stretch,23.800,48.752,4.239,0.1615
Tension1,1-Stretch,24.000,48.788,4.275,0.1615
Tension1,1-Stretch,24.200,48.823,4.31,0.1629
Tension1,1-Stretch,24.400,48.859,4.346,0.1629
Tension1,1-Stretch,24.600,48.894,4.381,0.1701
Tension1,1-Stretch,24.800,48.93,4.417,0.1686
Tension1,1-Stretch,25.000,48.966,4.453,0.1643
Tension1,1-Stretch,25.200,49.002,4.489,0.1729
Tension1,1-Stretch,25.400,49.036,4.523,0.1701
Tension1,1-Stretch,25.600,49.072,4.559,0.1715
Tension1,1-Stretch,25.800,49.108,4.595,0.1758
Tension1,1-Stretch,26.000,49.144,4.631,0.1758
Tension1,1-Stretch,26.200,49.18,4.667,0.1787
Tension1,1-Stretch,26.400,49.214,4.701,0.1815
Tension1,1-Stretch,26.600,49.25,4.737,0.1787
Tension1,1-Stretch,26.800,49.286,4.773,0.1801
Tension1,1-Stretch,27.000,49.322,4.809,0.1858
Tension1,1-Stretch,27.200,49.358,4.845,0.1887
Tension1,1-Stretch,27.400,49.392,4.879,0.1844
Tension1,1-Stretch,27.600,49.428,4.915,0.1916
Tension1,1-Stretch,27.800,49.464,4.951,0.1901
Tension1,1-Stretch,28.000,49.5,4.987,0.1873
Tension1,1-Stretch,28.200,49.536,5.023,0.1944
Tension1,1-Stretch,28.400,49.57,5.057,0.1944
Tension1,1-Stretch,28.600,49.606,5.093,0.1959
Tension1,1-Stretch,28.800,49.642,5.129,0.1973
Tension1,1-Stretch,29.000,49.678,5.165,0.2016
Tension1,1-Stretch,29.200,49.714,5.201,0.2002
Tension1,1-Stretch,29.400,49.748,5.235,0.2016
Tension1,1-Stretch,29.600,49.784,5.271,0.2030
Tension1,1-Stretch,29.800,49.82,5.307,0.2059
Tension1,1-Stretch,30.000,49.856,5.343,0.2045
Tension1,1-Stretch,30.200,49.892,5.379,0.2088
Tension1,1-Stretch,30.400,49.927,5.414,0.2102
Tension1,1-Stretch,30.600,49.963,5.45,0.2131
Tension1,1-Stretch,30.800,49.998,5.485,0.2145
Tension1,1-Stretch,31.000,50.034,5.521,0.2131
Tension1,1-Stretch,31.200,50.07,5.557,0.2159
Tension1,1-Stretch,31.400,50.105,5.592,0.2145
Tension1,1-Stretch,31.600,50.141,5.628,0.2231
Tension1,1-Stretch,31.800,50.177,5.664,0.2217
Tension1,1-Stretch,32.000,50.213,5.7,0.2260
Tension1,1-Stretch,32.200,50.247,5.734,0.2260
Tension1,1-Stretch,32.400,50.283,5.77,0.2331
Tension1,1-Stretch,32.600,50.319,5.806,0.2260
Tension1,1-Stretch,32.800,50.355,5.842,0.2346
Tension1,1-Stretch,33.000,50.391,5.878,0.2331
Tension1,1-Stretch,33.200,50.425,5.912,0.2303
Tension1,1-Stretch,33.400,50.461,5.948,0.2374
Tension1,1-Stretch,33.600,50.497,5.984,0.2403
Tension1,1-Stretch,33.800,50.533,6.02,0.2389
Tension1,1-Stretch,34.000,50.569,6.056,0.2417
Tension1,1-Stretch,34.200,50.603,6.09,0.2446
Tension1,1-Stretch,34.400,50.639,6.126,0.2460
Tension1,1-Stretch,34.600,50.675,6.162,0.2489
Tension1,1-Stretch,34.800,50.711,6.198,0.2489
Tension1,1-Stretch,35.000,50.747,6.234,0.2518
Tension1,1-Stretch,35.200,50.781,6.268,0.2489
Tension1,1-Stretch,35.400,50.817,6.304,0.2546
Tension1,1-Stretch,35.600,50.853,6.34,0.2546
Tension1,1-Stretch,35.800,50.889,6.376,0.2561
Tension1,1-Stretch,36.000,50.925,6.412,0.2618
Tension1,1-Stretch,36.200,50.959,6.446,0.2604
Tension1,1-Stretch,36.400,50.995,6.482,0.2661
Tension1,1-Stretch,36.600,51.031,6.518,0.2675
Tension1,1-Stretch,36.800,51.067,6.554,0.2675
Tension1,1-Stretch,37.000,51.103,6.59,0.2690
Tension1,1-Stretch,37.200,51.138,6.625,0.2733
Tension1,1-Stretch,37.400,51.173,6.66,0.2733
Tension1,1-Stretch,37.600,51.209,6.696,0.2776
Tension1,1-Stretch,37.800,51.245,6.732,0.2790
Tension1,1-Stretch,38.000,51.281,6.768,0.2819
Tension1,1-Stretch,38.200,51.316,6.803,0.2833
Tension1,1-Stretch,38.400,51.352,6.839,0.2862
Tension1,1-Stretch,38.600,51.388,6.875,0.2876
Tension1,1-Stretch,38.800,51.423,6.91,0.2905
Tension1,1-Stretch,39.000,51.459,6.946,0.2919
Tension1,1-Stretch,39.200,51.494,6.981,0.2919
Tension1,1-Stretch,39.400,51.53,7.017,0.2962
Tension1,1-Stretch,39.600,51.566,7.053,0.2991
Tension1,1-Stretch,39.800,51.602,7.089,0.3005
Tension1,1-Stretch,40.000,51.636,7.123,0.3005
Tension1,1-Stretch,40.200,51.672,7.159,0.3048
Tension1,1-Stretch,40.400,51.708,7.195,0.3019
Tension1,1-Stretch,40.600,51.744,7.231,0.3091
Tension1,1-Stretch,40.800,51.78,7.267,0.3105
Tension1,1-Stretch,41.000,51.814,7.301,0.3134
Tension1,1-Stretch,41.200,51.85,7.337,0.3148
Tension1,1-Stretch,41.400,51.886,7.373,0.3177
Tension1,1-Stretch,41.600,51.922,7.409,0.3191
Tension1,1-Stretch,41.800,51.958,7.445,0.3234
Tension1,1-Stretch,42.000,51.992,7.479,0.3249
Tension1,1-Stretch,42.200,52.028,7.515,0.3263
Tension1,1-Stretch,42.400,52.064,7.551,0.3292
Tension1,1-Stretch,42.600,52.1,7.587,0.3249
Tension1,1-Stretch,42.800,52.136,7.623,0.3335
Tension1,1-Stretch,43.000,52.17,7.657,0.3378
Tension1,1-Stretch,43.200,52.206,7.693,0.3435
Tension1,1-Stretch,43.400,52.242,7.729,0.3363
Tension1,1-Stretch,43.600,52.278,7.765,0.3435
Tension1,1-Stretch,43.800,52.314,7.801,0.3421
Tension1,1-Stretch,44.000,52.348,7.835,0.3464
Tension1,1-Stretch,44.200,52.384,7.871,0.3478
Tension1,1-Stretch,44.400,52.42,7.907,0.3521
Tension1,1-Stretch,44.600,52.456,7.943,0.3507
Tension1,1-Stretch,44.800,52.492,7.979,0.3535
Tension1,1-Stretch,45.000,52.527,8.014,0.3607
Tension1,1-Stretch,45.200,52.563,8.05,0.3564
Tension1,1-Stretch,45.400,52.598,8.085,0.3650
Tension1,1-Stretch,45.600,52.634,8.121,0.3636
Tension1,1-Stretch,45.800,52.67,8.157,0.3664
Tension1,1-Stretch,46.000,52.705,8.192,0.3636
Tension1,1-Stretch,46.200,52.741,8.228,0.3736
Tension1,1-Stretch,46.400,52.777,8.264,0.3707
Tension1,1-Stretch,46.600,52.813,8.3,0.3779
Tension1,1-Stretch,46.800,52.847,8.334,0.3765
Tension1,1-Stretch,47.000,52.883,8.37,0.3793
Tension1,1-Stretch,47.200,52.919,8.406,0.3779
Tension1,1-Stretch,47.400,52.955,8.442,0.3808
Tension1,1-Stretch,47.600,52.991,8.478,0.3836
Tension1,1-Stretch,47.800,53.025,8.512,0.3865
Tension1,1-Stretch,48.000,53.061,8.548,0.3908
Tension1,1-Stretch,48.200,53.097,8.584,0.3894
Tension1,1-Stretch,48.400,53.133,8.62,0.3908
Tension1,1-Stretch,48.600,53.169,8.656,0.3937
Tension1,1-Stretch,48.800,53.203,8.69,0.3965
Tension1,1-Stretch,49.000,53.239,8.726,0.4023
Tension1,1-Stretch,49.200,53.275,8.762,0.4051
Tension1,1-Stretch,49.400,53.311,8.798,0.4051
Tension1,1-Stretch,49.600,53.347,8.834,0.4051
Tension1,1-Stretch,49.800,53.381,8.868,0.4037
Tension1,1-Recover,50.000,53.414,8.901,0.4123
Tension1,1-Recover,50.200,53.325,8.812,0.3951
Tension1,1-Recover,50.400,53.236,8.723,0.3808
Tension1,1-Recover,50.600,53.147,8.634,0.3707
Tension1,1-Recover,50.800,53.058,8.545,0.3621
Tension1,1-Recover,51.000,52.969,8.456,0.3492
Tension1,1-Recover,51.200,52.88,8.367,0.3392
Tension1,1-Recover,51.400,52.791,8.278,0.3292
Tension1,1-Recover,51.600,52.702,8.189,0.3191
Tension1,1-Recover,51.800,52.613,8.1,0.3091
Tension1,1-Recover,52.000,52.523,8.01,0.3019
Tension1,1-Recover,52.200,52.434,7.921,0.2919
Tension1,1-Recover,52.400,52.345,7.832,0.2833
Tension1,1-Recover,52.600,52.256,7.743,0.2776
Tension1,1-Recover,52.800,52.167,7.654,0.2690
Tension1,1-Recover,53.000,52.078,7.565,0.2604
Tension1,1-Recover,53.200,51.989,7.476,0.2532
Tension1,1-Recover,53.400,51.9,7.387,0.2446
Tension1,1-Recover,53.600,51.811,7.298,0.2389
Tension1,1-Recover,53.800,51.722,7.209,0.2303
Tension1,1-Recover,54.000,51.633,7.12,0.2217
Tension1,1-Recover,54.200,51.544,7.031,0.2159
Tension1,1-Recover,54.400,51.455,6.942,0.2116
Tension1,1-Recover,54.600,51.366,6.853,0.2002
Tension1,1-Recover,54.800,51.277,6.764,0.1987
Tension1,1-Recover,55.000,51.188,6.675,0.1930
Tension1,1-Recover,55.200,51.098,6.585,0.1873
Tension1,1-Recover,55.400,51.009,6.496,0.1830
Tension1,1-Recover,55.600,50.92,6.407,0.1787
Tension1,1-Recover,55.800,50.831,6.318,0.1686
Tension1,1-Recover,56.000,50.742,6.229,0.1658
Tension1,1-Recover,56.200,50.653,6.14,0.1600
Tension1,1-Recover,56.400,50.564,6.051,0.1543
Tension1,1-Recover,56.600,50.475,5.962,0.1514
Tension1,1-Recover,56.800,50.386,5.873,0.1471
Tension1,1-Recover,57.000,50.297,5.784,0.1400
Tension1,1-Recover,57.200,50.208,5.695,0.1371
Tension1,1-Recover,57.400,50.119,5.606,0.1314
Tension1,1-Recover,57.600,50.03,5.517,0.1271
Tension1,1-Recover,57.800,49.941,5.428,0.1227
Tension1,1-Recover,58.000,49.852,5.339,0.1184
Tension1,1-Recover,58.200,49.763,5.25,0.1141
Tension1,1-Recover,58.400,49.673,5.16,0.1127
Tension1,1-Recover,58.600,49.584,5.071,0.1070
Tension1,1-Recover,58.800,49.495,4.982,0.1027
Tension1,1-Recover,59.000,49.406,4.893,0.1012
Tension1,1-Recover,59.200,49.317,4.804,0.0969
Tension1,1-Recover,59.400,49.228,4.715,0.0912
Tension1,1-Recover,59.600,49.139,4.626,0.0883
Tension1,1-Recover,59.800,49.05,4.537,0.0869
Tension1,1-Recover,60.000,48.961,4.448,0.0812
Tension1,1-Recover,60.200,48.872,4.359,0.0797
Tension1,1-Recover,60.400,48.783,4.27,0.0754
Tension1,1-Recover,60.600,48.694,4.181,0.0711
Tension1,1-Recover,60.800,48.605,4.092,0.0697
Tension1,1-Recover,61.000,48.516,4.003,0.0625
Tension1,1-Recover,61.200,48.427,3.914,0.0597
Tension1,1-Recover,61.400,48.338,3.825,0.0597
Tension1,1-Recover,61.600,48.25,3.737,0.0539
Tension1,1-Recover,61.800,48.161,3.648,0.0496
Tension1,1-Recover,62.000,48.072,3.559,0.0482
Tension1,1-Recover,62.200,47.983,3.47,0.0453
Tension1,1-Recover,62.400,47.894,3.381,0.0425
Tension1,1-Recover,62.600,47.805,3.292,0.0396
Tension1,1-Recover,62.800,47.716,3.203,0.0339
Tension1,1-Recover,63.000,47.627,3.114,0.0324
Tension1,1-Recover,63.200,47.538,3.025,0.0310
Tension1,1-Recover,63.400,47.448,2.935,0.0253
Tension1,1-Recover,63.600,47.359,2.846,0.0210
Tension1,1-Recover,63.800,47.27,2.757,0.0210
Tension1,1-Recover,64.000,47.181,2.668,0.0167
Tension1,1-Recover,64.200,47.092,2.579,0.0138
Tension1,1-Recover,64.400,47.003,2.49,0.0124
Tension1,1-Recover,64.600,46.914,2.401,0.0066
Tension1,1-Recover,64.800,46.825,2.312,0.0052
Tension1,1-Recover,65.000,46.736,2.223,0.0038
Tension1,1-Recover,65.200,46.647,2.134,-0.0005
Tension1,1-Recover,65.400,46.558,2.045,-0.0034
Tension1,1-Recover,65.600,46.469,1.956,-0.0034
Tension1,1-Recover,65.800,46.38,1.867,-0.0077
Tension1,1-Recover,66.000,46.291,1.778,-0.0120
Tension1,1-Recover,66.200,46.202,1.689,-0.0077
Tension1,1-Recover,66.400,46.113,1.6,-0.0091
Tension1,1-Recover,66.600,46.023,1.51,-0.0106
Tension1,1-Recover,66.800,45.934,1.421,-0.0077
Tension1,1-Recover,67.000,45.845,1.332,-0.0077
Tension1,1-Recover,67.200,45.756,1.243,-0.0077
Tension1,1-Recover,67.400,45.667,1.154,-0.0077
Tension1,1-Recover,67.600,45.578,1.065,-0.0091
Tension1,1-Recover,67.800,45.489,0.976,-0.0063
Tension1,1-Recover,68.000,45.4,0.887,-0.0048
Tension1,1-Recover,68.200,45.311,0.798,-0.0091
Tension1,1-Recover,68.400,45.222,0.709,-0.0091
Tension1,1-Recover,68.600,45.133,0.62,-0.0063
Tension1,1-Recover,68.800,45.044,0.531,-0.0077
Tension1,1-Recover,69.000,44.955,0.442,-0.0048
Tension1,1-Recover,69.200,44.866,0.353,-0.0048
Tension1,1-Recover,69.400,44.777,0.264,-0.0063
Tension1,1-Recover,69.600,44.688,0.175,-0.0048
Tension1,1-Recover,69.800,44.598,0.085,-0.0063
Tension1,1-Rest,70.000,44.513,0,-0.0091
Tension1,1-Rest,70.200,44.513,0,-0.0005
Tension1,1-Rest,70.400,44.513,0,-0.0034
Tension1,1-Rest,70.600,44.513,0,-0.0034
Tension1,1-Rest,70.800,44.513,0,-0.0048
Tension1,1-Rest,71.000,44.513,0,-0.0034
Tension1,1-Rest,71.200,44.513,0,-0.0048
Tension1,1-Rest,71.400,44.513,0,-0.0005
Tension1,1-Rest,71.600,44.513,0,-0.0020
Tension1,1-Rest,71.800,44.513,0,-0.0034
Tension1,1-Rest,72.000,44.513,0,-0.0020
Tension1,1-Rest,72.200,44.513,0,-0.0020
Tension1,1-Rest,72.400,44.513,0,-0.0034
Tension1,1-Rest,72.600,44.513,0,-0.0005
Tension1,1-Rest,72.800,44.513,0,-0.0005
Tension1,1-Rest,73.000,44.513,0,-0.0020
Tension1,1-Rest,73.200,44.513,0,-0.0005
Tension1,1-Rest,73.400,44.513,0,-0.0005
Tension1,1-Rest,73.600,44.513,0,-0.0020
Tension1,1-Rest,73.800,44.513,0,-0.0005
Tension1,1-Rest,74.000,44.513,0,-0.0005
Tension1,1-Rest,74.200,44.513,0,-0.0005
Tension1,1-Rest,74.400,44.513,0,-0.0020
Tension1,1-Rest,74.600,44.513,0,-0.0005
Tension1,1-Rest,74.800,44.513,0,-0.0020
Tension1,1-Rest,75.000,44.513,0,-0.0005
Tension1,1-Rest,75.200,44.513,0,-0.0005
Tension1,1-Rest,75.400,44.513,0,-0.0020
Tension1,1-Rest,75.600,44.513,0,0.0009
Tension1,1-Rest,75.800,44.513,0,-0.0020
Tension1,1-Rest,76.000,44.513,0,-0.0020
Tension1,1-Rest,76.200,44.513,0,0.0009
Tension1,1-Rest,76.400,44.513,0,-0.0005
Tension1,1-Rest,76.600,44.513,0,-0.0020
Tension1,1-Rest,76.800,44.513,0,0.0009
Tension1,1-Rest,77.000,44.513,0,-0.0020
Tension1,1-Rest,77.200,44.513,0,-0.0020
Tension1,1-Rest,77.400,44.513,0,0.0009
Tension1,1-Rest,77.600,44.513,0,-0.0020
Tension1,1-Rest,77.800,44.513,0,-0.0005
Tension1,1-Rest,78.000,44.513,0,0.0009
Tension1,1-Rest,78.200,44.513,0,-0.0020
Tension1,1-Rest,78.400,44.513,0,-0.0005
Tension1,1-Rest,78.600,44.513,0,-0.0005
Tension1,1-Rest,78.800,44.513,0,-0.0005
Tension1,1-Rest,79.000,44.513,0,-0.0005
Tension1,1-Rest,79.200,44.513,0,0.0009
Tension1,1-Rest,79.400,44.513,0,-0.0020
Tension1,1-Rest,79.600,44.513,0,0.0009
Tension1,1-Rest,79.800,44.513,0,0.0009
Tension1,2-Stretch,80.000,44.514,0.001,0.0009
Tension1,2-Stretch,80.200,44.548,0.035,0.0023
Tension1,2-Stretch,80.400,44.584,0.071,0.0038
Tension1,2-Stretch,80.600,44.62,0.107,0.0023
Tension1,2-Stretch,80.800,44.656,0.143,0.0066
Tension1,2-Stretch,81.000,44.692,0.179,0.0038
Tension1,2-Stretch,81.200,44.727,0.214,0.0038
Tension1,2-Stretch,81.400,44.763,0.25,0.0052
Tension1,2-Stretch,81.600,44.798,0.285,0.0095
Tension1,2-Stretch,81.800,44.834,0.321,0.0081
Tension1,2-Stretch,82.000,44.87,0.357,0.0081
Tension1,2-Stretch,82.200,44.905,0.392,0.0066
Tension1,2-Stretch,82.400,44.941,0.428,0.0109
Tension1,2-Stretch,82.600,44.977,0.464,0.0081
Tension1,2-Stretch,82.800,45.013,0.5,0.0138
Tension1,2-Stretch,83.000,45.048,0.535,0.0152
Tension1,2-Stretch,83.200,45.083,0.57,0.0181
Tension1,2-Stretch,83.400,45.119,0.606,0.0152
Tension1,2-Stretch,83.600,45.155,0.642,0.0195
Tension1,2-Stretch,83.800,45.191,0.678,0.0210
Tension1,2-Stretch,84.000,45.225,0.712,0.0195
Tension1,2-Stretch,84.200,45.261,0.748,0.0253
Tension1,2-Stretch,84.400,45.297,0.784,0.0253
Tension1,2-Stretch,84.600,45.333,0.82,0.0296
Tension1,2-Stretch,84.800,45.369,0.856,0.0267
Tension1,2-Stretch,85.000,45.403,0.89,0.0296
Tension1,2-Stretch,85.200,45.439,0.926,0.0324
Tension1,2-Stretch,85.400,45.475,0.962,0.0324
Tension1,2-Stretch,85.600,45.511,0.998,0.0339
Tension1,2-Stretch,85.800,45.547,1.034,0.0367
Tension1,2-Stretch,86.000,45.581,1.068,0.0353
Tension1,2-Stretch,86.200,45.617,1.104,0.0396
Tension1,2-Stretch,86.400,45.653,1.14,0.0396
Tension1,2-Stretch,86.600,45.689,1.176,0.0396
Tension1,2-Stretch,86.800,45.725,1.212,0.0468
Tension1,2-Stretch,87.000,45.759,1.246,0.0439
Tension1,2-Stretch,87.200,45.795,1.282,0.0468
Tension1,2-Stretch,87.400,45.831,1.318,0.0468
Tension1,2-Stretch,87.600,45.867,1.354,0.0496
Tension1,2-Stretch,87.800,45.903,1.39,0.0496
Tension1,2-Stretch,88.000,45.938,1.425,0.0539
Tension1,2-Stretch,88.200,45.973,1.46,0.0511
Tension1,2-Stretch,88.400,46.009,1.496,0.0539
Tension1,2-Stretch,88.600,46.045,1.532,0.0554
Tension1,2-Stretch,88.800,46.081,1.568,0.0568
Tension1,2-Stretch,89.000,46.116,1.603,0.0582
Tension1,2-Stretch,89.200,46.152,1.639,0.0597
Tension1,2-Stretch,89.400,46.188,1.675,0.0611
Tension1,2-Stretch,89.600,46.223,1.71,0.0582
Tension1,2-Stretch,89.800,46.259,1.746,0.0640
Tension1,2-Stretch,90.000,46.294,1.781,0.0625
Tension1,2-Stretch,90.200,46.33,1.817,0.0640
Tension1,2-Stretch,90.400,46.366,1.853,0.0654
Tension1,2-Stretch,90.600,46.402,1.889,0.0668
Tension1,2-Stretch,90.800,46.436,1.923,0.0640
Tension1,2-Stretch,91.000,46.472,1.959,0.0668
Tension1,2-Stretch,91.200,46.508,1.995,0.0654
Tension1,2-Stretch,91.400,46.544,2.031,0.0683
Tension1,2-Stretch,91.600,46.58,2.067,0.0683
Tension1,2-Stretch,91.800,46.614,2.101,0.0711
Tension1,2-Stretch,92.000,46.65,2.137,0.0711
Tension1,2-Stretch,92.200,46.686,2.173,0.0711
Tension1,2-Stretch,92.400,46.722,2.209,0.0740
Tension1,2-Stretch,92.600,46.758,2.245,0.0740
Tension1,2-Stretch,92.800,46.792,2.279,0.0769
Tension1,2-Stretch,93.000,46.828,2.315,0.0754
Tension1,2-Stretch,93.200,46.864,2.351,0.0769
Tension1,2-Stretch,93.400,46.9,2.387,0.0783
Tension1,2-Stretch,93.600,46.936,2.423,0.0812
Tension1,2-Stretch,93.800,46.97,2.457,0.0812
Tension1,2-Stretch,94.000,47.006,2.493,0.0869
Tension1,2-Stretch,94.200,47.042,2.529,0.0812
Tension1,2-Stretch,94.400,47.078,2.565,0.0826
Tension1,2-Stretch,94.600,47.114,2.601,0.0826
Tension1,2-Stretch,94.800,47.148,2.635,0.0826
Tension1,2-Stretch,95.000,47.184,2.671,0.0840
Tension1,2-Stretch,95.200,47.22,2.707,0.0869
Tension1,2-Stretch,95.400,47.256,2.743,0.0869
Tension1,2-Stretch,95.600,47.292,2.779,0.0869
Tension1,2-Stretch,95.800,47.327,2.814,0.0926
Tension1,2-Stretch,96.000,47.363,2.85,0.0883
Tension1,2-Stretch,96.200,47.398,2.885,0.0941
Tension1,2-Stretch,96.400,47.434,2.921,0.0941
Tension1,2-Stretch,96.600,47.47,2.957,0.0912
Tension1,2-Stretch,96.800,47.505,2.992,0.0883
Tension1,2-Stretch,97.000,47.541,3.028,0.0969
Tension1,2-Stretch,97.200,47.577,3.064,0.0941
Tension1,2-Stretch,97.400,47.613,3.1,0.0984
Tension1,2-Stretch,97.600,47.648,3.135,0.0984
Tension1,2-Stretch,97.800,47.683,3.17,0.0984
Tension1,2-Stretch,98.000,47.719,3.206,0.0969
Tension1,2-Stretch,98.200,47.755,3.242,0.0998
Tension1,2-Stretch,98.400,47.791,3.278,0.0998
Tension1,2-Stretch,98.600,47.825,3.312,0.1012
Tension1,2-Stretch,98.800,47.861,3.348,0.1070
Tension1,2-Stretch,99.000,47.897,3.384,0.1027
Tension1,2-Stretch,99.200,47.933,3.42,0.1055
Tension1,2-Stretch,99.400,47.969,3.456,0.1055
Tension1,2-Stretch,99.600,48.003,3.49,0.1084
Tension1,2-Stretch,99.800,48.039,3.526,0.1084
Tension1,2-Stretch,100.000,48.075,3.562,0.1127
Tension1,2-Stretch,100.200,48.111,3.598,0.1098
Tension1,2-Stretch,100.400,48.147,3.634,0.1098
Tension1,2-Stretch,100.600,48.181,3.668,0.1113
Tension1,2-Stretch,100.800,48.217,3.704,0.1127
Tension1,2-Stretch,101.000,48.253,3.74,0.1113
Tension1,2-Stretch,101.200,48.289,3.776,0.1184
Tension1,2-Stretch,101.400,48.325,3.812,0.1199
Tension1,2-Stretch,101.600,48.359,3.846,0.1170
Tension1,2-Stretch,101.800,48.395,3.882,0.1184
Tension1,2-Stretch,102.000,48.431,3.918,0.1227
Tension1,2-Stretch,102.200,48.467,3.954,0.1213
Tension1,2-Stretch,102.400,48.503,3.99,0.1184
Tension1,2-Stretch,102.600,48.538,4.025,0.1256
Tension1,2-Stretch,102.800,48.573,4.06,0.1227
Tension1,2-Stretch,103.000,48.609,4.096,0.1256
Tension1,2-Stretch,103.200,48.645,4.132,0.1285
Tension1,2-Stretch,103.400,48.681,4.168,0.1285
Tension1,2-Stretch,103.600,48.716,4.203,0.1285
Tension1,2-Stretch,103.800,48.752,4.239,0.1299
Tension1,2-Stretch,104.000,48.788,4.275,0.1299
Tension1,2-Stretch,104.200,48.823,4.31,0.1314
Tension1,2-Stretch,104.400,48.859,4.346,0.1299
Tension1,2-Stretch,104.600,48.894,4.381,0.1342
Tension1,2-Stretch,104.800,48.93,4.417,0.1371
Tension1,2-Stretch,105.000,48.966,4.453,0.1328
Tension1,2-Stretch,105.200,49.002,4.489,0.1414
Tension1,2-Stretch,105.400,49.038,4.525,0.1357
Tension1,2-Stretch,105.600,49.072,4.559,0.1385
Tension1,2-Stretch,105.800,49.108,4.595,0.1428
Tension1,2-Stretch,106.000,49.144,4.631,0.1400
Tension1,2-Stretch,106.200,49.18,4.667,0.1443
Tension1,2-Stretch,106.400,49.214,4.701,0.1471
Tension1,2-Stretch,106.600,49.25,4.737,0.1443
Tension1,2-Stretch,106.800,49.286,4.773,0.1443
Tension1,2-Stretch,107.000,49.322,4.809,0.1500
Tension1,2-Stretch,107.200,49.358,4.845,0.1500
Tension1,2-Stretch,107.400,49.392,4.879,0.1500
Tension1,2-Stretch,107.600,49.428,4.915,0.1557
Tension1,2-Stretch,107.800,49.464,4.951,0.1529
Tension1,2-Stretch,108.000,49.5,4.987,0.1500
Tension1,2-Stretch,108.200,49.536,5.023,0.1600
Tension1,2-Stretch,108.400,49.57,5.057,0.1572
Tension1,2-Stretch,108.600,49.606,5.093,0.1615
Tension1,2-Stretch,108.800,49.642,5.129,0.1600
Tension1,2-Stretch,109.000,49.678,5.165,0.1615
Tension1,2-Stretch,109.200,49.714,5.201,0.1615
Tension1,2-Stretch,109.400,49.748,5.235,0.1643
Tension1,2-Stretch,109.600,49.784,5.271,0.1643
Tension1,2-Stretch,109.800,49.82,5.307,0.1658
Tension1,2-Stretch,110.000,49.856,5.343,0.1701
Tension1,2-Stretch,110.200,49.892,5.379,0.1686
Tension1,2-Stretch,110.400,49.927,5.414,0.1744
Tension1,2-Stretch,110.600,49.963,5.45,0.1701
Tension1,2-Stretch,110.800,49.998,5.485,0.1772
Tension1,2-Stretch,111.000,50.034,5.521,0.1729
Tension1,2-Stretch,111.200,50.07,5.557,0.1787
Tension1,2-Stretch,111.400,50.105,5.592,0.1772
Tension1,2-Stretch,111.600,50.141,5.628,0.1815
Tension1,2-Stretch,111.800,50.177,5.664,0.1815
Tension1,2-Stretch,112.000,50.213,5.7,0.1873
Tension1,2-Stretch,112.200,50.248,5.735,0.1844
Tension1,2-Stretch,112.400,50.283,5.77,0.1901
Tension1,2-Stretch,112.600,50.319,5.806,0.1873
Tension1,2-Stretch,112.800,50.355,5.842,0.1887
Tension1,2-Stretch,113.000,50.391,5.878,0.1930
Tension1,2-Stretch,113.200,50.425,5.912,0.1887
Tension1,2-Stretch,113.400,50.461,5.948,0.1973
Tension1,2-Stretch,113.600,50.497,5.984,0.1944
Tension1,2-Stretch,113.800,50.533,6.02,0.1987
Tension1,2-Stretch,114.000,50.569,6.056,0.1973
Tension1,2-Stretch,114.200,50.603,6.09,0.1987
Tension1,2-Stretch,114.400,50.639,6.126,0.1987
Tension1,2-Stretch,114.600,50.675,6.162,0.2045
Tension1,2-Stretch,114.800,50.711,6.198,0.2016
Tension1,2-Stretch,115.000,50.747,6.234,0.2030
Tension1,2-Stretch,115.200,50.781,6.268,0.2059
Tension1,2-Stretch,115.400,50.817,6.304,0.2116
Tension1,2-Stretch,115.600,50.853,6.34,0.2088
Tension1,2-Stretch,115.800,50.889,6.376,0.2131
Tension1,2-Stretch,116.000,50.925,6.412,0.2202
Tension1,2-Stretch,116.200,50.959,6.446,0.2131
Tension1,2-Stretch,116.400,50.995,6.482,0.2217
Tension1,2-Stretch,116.600,51.031,6.518,0.2188
Tension1,2-Stretch,116.800,51.067,6.554,0.2231
Tension1,2-Stretch,117.000,51.103,6.59,0.2245
Tension1,2-Stretch,117.200,51.138,6.625,0.2317
Tension1,2-Stretch,117.400,51.173,6.66,0.2288
Tension1,2-Stretch,117.600,51.209,6.696,0.2360
Tension1,2-Stretch,117.800,51.245,6.732,0.2346
Tension1,2-Stretch,118.000,51.281,6.768,0.2374
Tension1,2-Stretch,118.200,51.316,6.803,0.2374
Tension1,2-Stretch,118.400,51.352,6.839,0.2417
Tension1,2-Stretch,118.600,51.388,6.875,0.2432
Tension1,2-Stretch,118.800,51.423,6.91,0.2446
Tension1,2-Stretch,119.000,51.459,6.946,0.2475
Tension1,2-Stretch,119.200,51.494,6.981,0.2475
Tension1,2-Stretch,119.400,51.53,7.017,0.2532
Tension1,2-Stretch,119.600,51.566,7.053,0.2518
Tension1,2-Stretch,119.800,51.602,7.089,0.2575
Tension1,2-Stretch,120.000,51.638,7.125,0.2532
Tension1,2-Stretch,120.200,51.672,7.159,0.2604
Tension1,2-Stretch,120.400,51.708,7.195,0.2575
Tension1,2-Stretch,120.600,51.744,7.231,0.2632
Tension1,2-Stretch,120.800,51.78,7.267,0.2647
Tension1,2-Stretch,121.000,51.814,7.301,0.2690
Tension1,2-Stretch,121.200,51.85,7.337,0.2718
Tension1,2-Stretch,121.400,51.886,7.373,0.2704
Tension1,2-Stretch,121.600,51.922,7.409,0.2747
Tension1,2-Stretch,121.800,51.958,7.445,0.2776
Tension1,2-Stretch,122.000,51.992,7.479,0.2804
Tension1,2-Stretch,122.200,52.028,7.515,0.2790
Tension1,2-Stretch,122.400,52.064,7.551,0.2876
Tension1,2-Stretch,122.600,52.1,7.587,0.2804
Tension1,2-Stretch,122.800,52.136,7.623,0.2919
Tension1,2-Stretch,123.000,52.17,7.657,0.2933
Tension1,2-Stretch,123.200,52.206,7.693,0.2976
Tension1,2-Stretch,123.400,52.242,7.729,0.2933
Tension1,2-Stretch,123.600,52.278,7.765,0.2991
Tension1,2-Stretch,123.800,52.314,7.801,0.2976
Tension1,2-Stretch,124.000,52.348,7.835,0.3034
Tension1,2-Stretch,124.200,52.384,7.871,0.3048
Tension1,2-Stretch,124.400,52.42,7.907,0.3077
Tension1,2-Stretch,124.600,52.456,7.943,0.3105
Tension1,2-Stretch,124.800,52.492,7.979,0.3134
Tension1,2-Stretch,125.000,52.527,8.014,0.3177
Tension1,2-Stretch,125.200,52.563,8.05,0.3148
Tension1,2-Stretch,125.400,52.598,8.085,0.3249
Tension1,2-Stretch,125.600,52.634,8.121,0.3220
Tension1,2-Stretch,125.800,52.67,8.157,0.3263
Tension1,2-Stretch,126.000,52.705,8.192,0.3234
Tension1,2-Stretch,126.200,52.741,8.228,0.3349
Tension1,2-Stretch,126.400,52.777,8.264,0.3335
Tension1,2-Stretch,126.600,52.813,8.3,0.3406
Tension1,2-Stretch,126.800,52.848,8.335,0.3378
Tension1,2-Stretch,127.000,52.883,8.37,0.3406
Tension1,2-Stretch,127.200,52.919,8.406,0.3435
Tension1,2-Stretch,127.400,52.955,8.442,0.3449
Tension1,2-Stretch,127.600,52.991,8.478,0.3492
Tension1,2-Stretch,127.800,53.025,8.512,0.3507
Tension1,2-Stretch,128.000,53.061,8.548,0.3564
Tension1,2-Stretch,128.200,53.097,8.584,0.3550
Tension1,2-Stretch,128.400,53.133,8.62,0.3593
Tension1,2-Stretch,128.600,53.169,8.656,0.3607
Tension1,2-Stretch,128.800,53.203,8.69,0.3679
Tension1,2-Stretch,129.000,53.239,8.726,0.3693
Tension1,2-Stretch,129.200,53.275,8.762,0.3736
Tension1,2-Stretch,129.400,53.311,8.798,0.3736
Tension1,2-Stretch,129.600,53.347,8.834,0.3750
Tension1,2-Stretch,129.800,53.381,8.868,0.3736
Tension1,2-Recover,130.000,53.414,8.901,0.3822
Tension1,2-Recover,130.200,53.325,8.812,0.3664
Tension1,2-Recover,130.400,53.236,8.723,0.3535
Tension1,2-Recover,130.600,53.147,8.634,0.3449
Tension1,2-Recover,130.800,53.058,8.545,0.3349
Tension1,2-Recover,131.000,52.969,8.456,0.3220
Tension1,2-Recover,131.200,52.88,8.367,0.3163
Tension1,2-Recover,131.400,52.791,8.278,0.3048
Tension1,2-Recover,131.600,52.702,8.189,0.2962
Tension1,2-Recover,131.800,52.613,8.1,0.2890
Tension1,2-Recover,132.000,52.523,8.01,0.2819
Tension1,2-Recover,132.200,52.434,7.921,0.2718
Tension1,2-Recover,132.400,52.345,7.832,0.2661
Tension1,2-Recover,132.600,52.256,7.743,0.2575
Tension1,2-Recover,132.800,52.167,7.654,0.2503
Tension1,2-Recover,133.000,52.078,7.565,0.2446
Tension1,2-Recover,133.200,51.989,7.476,0.2360
Tension1,2-Recover,133.400,51.9,7.387,0.2274
Tension1,2-Recover,133.600,51.811,7.298,0.2217
Tension1,2-Recover,133.800,51.722,7.209,0.2145
Tension1,2-Recover,134.000,51.633,7.12,0.2059
Tension1,2-Recover,134.200,51.544,7.031,0.1987
Tension1,2-Recover,134.400,51.455,6.942,0.1959
Tension1,2-Recover,134.600,51.366,6.853,0.1887
Tension1,2-Recover,134.800,51.277,6.764,0.1873
Tension1,2-Recover,135.000,51.188,6.675,0.1801
Tension1,2-Recover,135.200,51.098,6.585,0.1729
Tension1,2-Recover,135.400,51.009,6.496,0.1686
Tension1,2-Recover,135.600,50.92,6.407,0.1643
Tension1,2-Recover,135.800,50.831,6.318,0.1572
Tension1,2-Recover,136.000,50.742,6.229,0.1543
Tension1,2-Recover,136.200,50.653,6.14,0.1457
Tension1,2-Recover,136.400,50.564,6.051,0.1428
Tension1,2-Recover,136.600,50.475,5.962,0.1371
Tension1,2-Recover,136.800,50.386,5.873,0.1328
Tension1,2-Recover,137.000,50.297,5.784,0.1299
Tension1,2-Recover,137.200,50.208,5.695,0.1285
Tension1,2-Recover,137.400,50.119,5.606,0.1199
Tension1,2-Recover,137.600,50.03,5.517,0.1170
Tension1,2-Recover,137.800,49.941,5.428,0.1141
Tension1,2-Recover,138.000,49.852,5.339,0.1084
Tension1,2-Recover,138.200,49.763,5.25,0.1070
Tension1,2-Recover,138.400,49.673,5.16,0.1041
Tension1,2-Recover,138.600,49.584,5.071,0.0984
Tension1,2-Recover,138.800,49.495,4.982,0.0941
Tension1,2-Recover,139.000,49.406,4.893,0.0926
Tension1,2-Recover,139.200,49.317,4.804,0.0883
Tension1,2-Recover,139.400,49.228,4.715,0.0855
Tension1,2-Recover,139.600,49.139,4.626,0.0812
Tension1,2-Recover,139.800,49.05,4.537,0.0783
Tension1,2-Recover,140.000,48.961,4.448,0.0754
Tension1,2-Recover,140.200,48.872,4.359,0.0726
Tension1,2-Recover,140.400,48.783,4.27,0.0683
Tension1,2-Recover,140.600,48.694,4.181,0.0668
Tension1,2-Recover,140.800,48.605,4.092,0.0640
Tension1,2-Recover,141.000,48.516,4.003,0.0568
Tension1,2-Recover,141.200,48.427,3.914,0.0539
Tension1,2-Recover,141.400,48.338,3.825,0.0525
Tension1,2-Recover,141.600,48.25,3.737,0.0482
Tension1,2-Recover,141.800,48.161,3.648,0.0468
Tension1,2-Recover,142.000,48.072,3.559,0.0439
Tension1,2-Recover,142.200,47.983,3.47,0.0396
Tension1,2-Recover,142.400,47.894,3.381,0.0353
Tension1,2-Recover,142.600,47.805,3.292,0.0339
Tension1,2-Recover,142.800,47.716,3.203,0.0296
Tension1,2-Recover,143.000,47.627,3.114,0.0267
Tension1,2-Recover,143.200,47.538,3.025,0.0253
Tension1,2-Recover,143.400,47.448,2.935,0.0210
Tension1,2-Recover,143.600,47.359,2.846,0.0181
Tension1,2-Recover,143.800,47.27,2.757,0.0152
Tension1,2-Recover,144.000,47.181,2.668,0.0124
Tension1,2-Recover,144.200,47.092,2.579,0.0124
Tension1,2-Recover,144.400,47.003,2.49,0.0081
Tension1,2-Recover,144.600,46.914,2.401,0.0038
Tension1,2-Recover,144.800,46.825,2.312,0.0023
Tension1,2-Recover,145.000,46.736,2.223,0.0009
Tension1,2-Recover,145.200,46.647,2.134,-0.0034
Tension1,2-Recover,145.400,46.558,2.045,-0.0034
Tension1,2-Recover,145.600,46.469,1.956,-0.0048
Tension1,2-Recover,145.800,46.38,1.867,-0.0091
Tension1,2-Recover,146.000,46.291,1.778,-0.0091
Tension1,2-Recover,146.200,46.202,1.689,-0.0077
Tension1,2-Recover,146.400,46.113,1.6,-0.0063
Tension1,2-Recover,146.600,46.023,1.51,-0.0063
Tension1,2-Recover,146.800,45.934,1.421,-0.0063
Tension1,2-Recover,147.000,45.845,1.332,-0.0077
Tension1,2-Recover,147.200,45.756,1.243,-0.0077
Tension1,2-Recover,147.400,45.667,1.154,-0.0077
Tension1,2-Recover,147.600,45.578,1.065,-0.0077
Tension1,2-Recover,147.800,45.489,0.976,-0.0034
Tension1,2-Recover,148.000,45.4,0.887,-0.0020
Tension1,2-Recover,148.200,45.311,0.798,-0.0077
Tension1,2-Recover,148.400,45.222,0.709,-0.0063
Tension1,2-Recover,148.600,45.133,0.62,-0.0063
Tension1,2-Recover,148.800,45.044,0.531,-0.0063
Tension1,2-Recover,149.000,44.955,0.442,-0.0048
Tension1,2-Recover,149.200,44.866,0.353,-0.0063
Tension1,2-Recover,149.400,44.777,0.264,-0.0063
Tension1,2-Recover,149.600,44.688,0.175,-0.0020
Tension1,2-Recover,149.800,44.598,0.085,-0.0048
Tension1,2-Recover,150.000,44.513,0,-0.0077
Tension1,2-Rest,150.002,44.513,0,-0.0034
Tension1,2-Rest,150.202,44.513,0,-0.0106
Tension1,2-Rest,150.402,44.513,0,-0.0020
Tension1,2-Rest,150.602,44.513,0,-0.0048
Tension1,2-Rest,150.802,44.513,0,-0.0020
Tension1,2-Rest,151.002,44.513,0,-0.0020
Tension1,2-Rest,151.202,44.513,0,-0.0034
Tension1,2-Rest,151.402,44.513,0,-0.0020
Tension1,2-Rest,151.602,44.513,0,-0.0020
Tension1,2-Rest,151.802,44.513,0,-0.0020
Tension1,2-Rest,152.002,44.513,0,-0.0020
Tension1,2-Rest,152.202,44.513,0,-0.0020
Tension1,2-Rest,152.402,44.513,0,-0.0020
Tension1,2-Rest,152.602,44.513,0,-0.0005
Tension1,2-Rest,152.802,44.513,0,-0.0020
Tension1,2-Rest,153.002,44.513,0,-0.0020
Tension1,2-Rest,153.202,44.513,0,-0.0005
Tension1,2-Rest,153.402,44.513,0,-0.0020
Tension1,2-Rest,153.602,44.513,0,-0.0020
Tension1,2-Rest,153.802,44.513,0,-0.0005
Tension1,2-Rest,154.002,44.513,0,-0.0020
Tension1,2-Rest,154.202,44.513,0,-0.0005
Tension1,2-Rest,154.402,44.513,0,0.0009
Tension1,2-Rest,154.602,44.513,0,-0.0005
Tension1,2-Rest,154.802,44.513,0,-0.0005
Tension1,2-Rest,155.002,44.513,0,0.0009
Tension1,2-Rest,155.202,44.513,0,-0.0005
Tension1,2-Rest,155.402,44.513,0,-0.0005
Tension1,2-Rest,155.602,44.513,0,0.0009
Tension1,2-Rest,155.802,44.513,0,-0.0020
Tension1,2-Rest,156.002,44.513,0,-0.0020
Tension1,2-Rest,156.202,44.513,0,0.0009
Tension1,2-Rest,156.402,44.513,0,-0.0005
Tension1,2-Rest,156.602,44.513,0,-0.0005
Tension1,2-Rest,156.802,44.513,0,-0.0005
Tension1,2-Rest,157.002,44.513,0,-0.0005
Tension1,2-Rest,157.202,44.513,0,0.0009
Tension1,2-Rest,157.402,44.513,0,0.0009
Tension1,2-Rest,157.602,44.513,0,-0.0020
Tension1,2-Rest,157.802,44.513,0,-0.0005
Tension1,2-Rest,158.002,44.513,0,0.0009
Tension1,2-Rest,158.202,44.513,0,-0.0020
Tension1,2-Rest,158.402,44.513,0,-0.0005
Tension1,2-Rest,158.602,44.513,0,-0.0005
Tension1,2-Rest,158.802,44.513,0,-0.0005
Tension1,2-Rest,159.002,44.513,0,0.0009
Tension1,2-Rest,159.202,44.513,0,0.0009
Tension1,2-Rest,159.402,44.513,0,-0.0005
Tension1,2-Rest,159.602,44.513,0,0.0009
Tension1,2-Rest,159.802,44.513,0,0.0023
Tension1,2-Rest,160.002,44.514,0.001,-0.0120
Tension1,3-Stretch,160.014,44.516,0.003,0.0023
Tension1,3-Stretch,160.214,44.552,0.039,-0.0005
Tension1,3-Stretch,160.414,44.588,0.075,0.0038
Tension1,3-Stretch,160.614,44.623,0.11,0.0038
Tension1,3-Stretch,160.814,44.658,0.145,0.0009
Tension1,3-Stretch,161.014,44.694,0.181,0.0052
Tension1,3-Stretch,161.214,44.73,0.217,0.0023
Tension1,3-Stretch,161.414,44.766,0.253,0.0066
Tension1,3-Stretch,161.614,44.802,0.289,0.0066
Tension1,3-Stretch,161.814,44.836,0.323,0.0081
Tension1,3-Stretch,162.014,44.872,0.359,0.0081
Tension1,3-Stretch,162.214,44.908,0.395,0.0095
Tension1,3-Stretch,162.414,44.944,0.431,0.0052
Tension1,3-Stretch,162.614,44.98,0.467,0.0109
Tension1,3-Stretch,162.814,45.014,0.501,0.0109
Tension1,3-Stretch,163.014,45.05,0.537,0.0095
Tension1,3-Stretch,163.214,45.086,0.573,0.0138
Tension1,3-Stretch,163.414,45.122,0.609,0.0138
Tension1,3-Stretch,163.614,45.156,0.643,0.0124
Tension1,3-Stretch,163.814,45.192,0.679,0.0167
Tension1,3-Stretch,164.014,45.228,0.715,0.0210
Tension1,3-Stretch,164.214,45.264,0.751,0.0167
Tension1,3-Stretch,164.414,45.3,0.787,0.0267
Tension1,3-Stretch,164.614,45.334,0.821,0.0210
Tension1,3-Stretch,164.814,45.37,0.857,0.0238
Tension1,3-Stretch,165.014,45.406,0.893,0.0238
Tension1,3-Stretch,165.214,45.442,0.929,0.0296
Tension1,3-Stretch,165.414,45.478,0.965,0.0281
Tension1,3-Stretch,165.614,45.513,1,0.0339
Tension1,3-Stretch,165.814,45.548,1.035,0.0324
Tension1,3-Stretch,166.014,45.584,1.071,0.0353
Tension1,3-Stretch,166.214,45.62,1.107,0.0339
Tension1,3-Stretch,166.414,45.656,1.143,0.0382
Tension1,3-Stretch,166.614,45.691,1.178,0.0396
Tension1,3-Stretch,166.814,45.727,1.214,0.0367
Tension1,3-Stretch,167.014,45.763,1.25,0.0439
Tension1,3-Stretch,167.214,45.798,1.285,0.0382
Tension1,3-Stretch,167.414,45.834,1.321,0.0468
Tension1,3-Stretch,167.614,45.869,1.356,0.0453
Tension1,3-Stretch,167.814,45.905,1.392,0.0482
Tension1,3-Stretch,168.014,45.941,1.428,0.0453
Tension1,3-Stretch,168.214,45.977,1.464,0.0468
Tension1,3-Stretch,168.414,46.013,1.5,0.0453
Tension1,3-Stretch,168.614,46.047,1.534,0.0511
Tension1,3-Stretch,168.814,46.083,1.57,0.0496
Tension1,3-Stretch,169.014,46.119,1.606,0.0525
Tension1,3-Stretch,169.214,46.155,1.642,0.0554
Tension1,3-Stretch,169.414,46.191,1.678,0.0539
Tension1,3-Stretch,169.614,46.225,1.712,0.0597
Tension1,3-Stretch,169.814,46.261,1.748,0.0539
Tension1,3-Stretch,170.014,46.297,1.784,0.0582
Tension1,3-Stretch,170.214,46.333,1.82,0.0554
Tension1,3-Stretch,170.414,46.369,1.856,0.0625
Tension1,3-Stretch,170.614,46.403,1.89,0.0582
Tension1,3-Stretch,170.814,46.439,1.926,0.0640
Tension1,3-Stretch,171.014,46.475,1.962,0.0625
Tension1,3-Stretch,171.214,46.511,1.998,0.0640
Tension1,3-Stretch,171.414,46.545,2.032,0.0654
Tension1,3-Stretch,171.614,46.581,2.068,0.0683
Tension1,3-Stretch,171.814,46.617,2.104,0.0640
Tension1,3-Stretch,172.014,46.653,2.14,0.0668
Tension1,3-Stretch,172.214,46.689,2.176,0.0697
Tension1,3-Stretch,172.414,46.723,2.21,0.0654
Tension1,3-Stretch,172.614,46.759,2.246,0.0711
Tension1,3-Stretch,172.814,46.795,2.282,0.0697
Tension1,3-Stretch,173.014,46.831,2.318,0.0740
Tension1,3-Stretch,173.214,46.867,2.354,0.0697
Tension1,3-Stretch,173.414,46.902,2.389,0.0754
Tension1,3-Stretch,173.614,46.938,2.425,0.0726
Tension1,3-Stretch,173.814,46.973,2.46,0.0769
Tension1,3-Stretch,174.014,47.009,2.496,0.0783
Tension1,3-Stretch,174.214,47.045,2.532,0.0769
Tension1,3-Stretch,174.414,47.08,2.567,0.0754
Tension1,3-Stretch,174.614,47.116,2.603,0.0783
Tension1,3-Stretch,174.814,47.152,2.639,0.0812
Tension1,3-Stretch,175.014,47.188,2.675,0.0826
Tension1,3-Stretch,175.214,47.223,2.71,0.0812
Tension1,3-Stretch,175.414,47.258,2.745,0.0812
Tension1,3-Stretch,175.614,47.294,2.781,0.0840
Tension1,3-Stretch,175.814,47.33,2.817,0.0812
Tension1,3-Stretch,176.014,47.366,2.853,0.0869
Tension1,3-Stretch,176.214,47.402,2.889,0.0855
Tension1,3-Stretch,176.414,47.436,2.923,0.0869
Tension1,3-Stretch,176.614,47.472,2.959,0.0869
Tension1,3-Stretch,176.814,47.508,2.995,0.0869
Tension1,3-Stretch,177.014,47.544,3.031,0.0898
Tension1,3-Stretch,177.214,47.58,3.067,0.0883
Tension1,3-Stretch,177.414,47.614,3.101,0.0898
Tension1,3-Stretch,177.614,47.65,3.137,0.0941
Tension1,3-Stretch,177.814,47.686,3.173,0.0926
Tension1,3-Stretch,178.014,47.722,3.209,0.0955
Tension1,3-Stretch,178.214,47.756,3.243,0.0941
Tension1,3-Stretch,178.414,47.792,3.279,0.0941
Tension1,3-Stretch,178.614,47.828,3.315,0.0998
Tension1,3-Stretch,178.814,47.864,3.351,0.0984
Tension1,3-Stretch,179.014,47.9,3.387,0.0998
Tension1,3-Stretch,179.214,47.934,3.421,0.0984
Tension1,3-Stretch,179.414,47.97,3.457,0.1012
Tension1,3-Stretch,179.614,48.006,3.493,0.0984
Tension1,3-Stretch,179.814,48.042,3.529,0.1055
Tension1,3-Stretch,180.014,48.078,3.565,0.1027
Tension1,3-Stretch,180.214,48.113,3.6,0.1027
Tension1,3-Stretch,180.414,48.148,3.635,0.1055
Tension1,3-Stretch,180.614,48.184,3.671,0.1055
Tension1,3-Stretch,180.814,48.22,3.707,0.1055
Tension1,3-Stretch,181.014,48.256,3.743,0.1127
Tension1,3-Stretch,181.214,48.291,3.778,0.1098
Tension1,3-Stretch,181.414,48.327,3.814,0.1041
Tension1,3-Stretch,181.614,48.363,3.85,0.1127
Tension1,3-Stretch,181.814,48.398,3.885,0.1113
Tension1,3-Stretch,182.014,48.434,3.921,0.1113
Tension1,3-Stretch,182.214,48.469,3.956,0.1141
Tension1,3-Stretch,182.414,48.505,3.992,0.1170
Tension1,3-Stretch,182.614,48.541,4.028,0.1141
Tension1,3-Stretch,182.814,48.577,4.064,0.1199
Tension1,3-Stretch,183.014,48.613,4.1,0.1199
Tension1,3-Stretch,183.214,48.647,4.134,0.1199
Tension1,3-Stretch,183.414,48.683,4.17,0.1213
Tension1,3-Stretch,183.614,48.719,4.206,0.1242
Tension1,3-Stretch,183.814,48.755,4.242,0.1184
Tension1,3-Stretch,184.014,48.791,4.278,0.1242
Tension1,3-Stretch,184.214,48.825,4.312,0.1256
Tension1,3-Stretch,184.414,48.861,4.348,0.1227
Tension1,3-Stretch,184.614,48.897,4.384,0.1285
Tension1,3-Stretch,184.814,48.933,4.42,0.1256
Tension1,3-Stretch,185.014,48.969,4.456,0.1271
Tension1,3-Stretch,185.214,49.003,4.49,0.1256
Tension1,3-Stretch,185.414,49.039,4.526,0.1299
Tension1,3-Stretch,185.614,49.075,4.562,0.1285
Tension1,3-Stretch,185.814,49.111,4.598,0.1328
Tension1,3-Stretch,186.014,49.145,4.632,0.1342
Tension1,3-Stretch,186.214,49.181,4.668,0.1357
Tension1,3-Stretch,186.414,49.217,4.704,0.1385
Tension1,3-Stretch,186.614,49.253,4.74,0.1400
Tension1,3-Stretch,186.814,49.289,4.776,0.1371
Tension1,3-Stretch,187.014,49.323,4.81,0.1414
Tension1,3-Stretch,187.214,49.359,4.846,0.1414
Tension1,3-Stretch,187.414,49.395,4.882,0.1428
Tension1,3-Stretch,187.614,49.431,4.918,0.1443
Tension1,3-Stretch,187.814,49.467,4.954,0.1428
Tension1,3-Stretch,188.014,49.502,4.989,0.1486
Tension1,3-Stretch,188.214,49.538,5.025,0.1471
Tension1,3-Stretch,188.414,49.573,5.06,0.1500
Tension1,3-Stretch,188.614,49.609,5.096,0.1500
Tension1,3-Stretch,188.814,49.645,5.132,0.1500
Tension1,3-Stretch,189.014,49.68,5.167,0.1471
Tension1,3-Stretch,189.214,49.716,5.203,0.1514
Tension1,3-Stretch,189.414,49.752,5.239,0.1572
Tension1,3-Stretch,189.614,49.788,5.275,0.1586
Tension1,3-Stretch,189.814,49.823,5.31,0.1557
Tension1,3-Stretch,190.014,49.858,5.345,0.1615
Tension1,3-Stretch,190.214,49.894,5.381,0.1600
Tension1,3-Stretch,190.414,49.93,5.417,0.1572
Tension1,3-Stretch,190.614,49.966,5.453,0.1672
Tension1,3-Stretch,190.814,50.002,5.489,0.1615
Tension1,3-Stretch,191.014,50.036,5.523,0.1701
Tension1,3-Stretch,191.214,50.072,5.559,0.1672
Tension1,3-Stretch,191.414,50.108,5.595,0.1672
Tension1,3-Stretch,191.614,50.144,5.631,0.1701
Tension1,3-Stretch,191.814,50.18,5.667,0.1729
Tension1,3-Stretch,192.014,50.214,5.701,0.1701
Tension1,3-Stretch,192.214,50.25,5.737,0.1758
Tension1,3-Stretch,192.414,50.286,5.773,0.1729
Tension1,3-Stretch,192.614,50.322,5.809,0.1772
Tension1,3-Stretch,192.814,50.356,5.843,0.1787
Tension1,3-Stretch,193.014,50.392,5.879,0.1815
Tension1,3-Stretch,193.214,50.428,5.915,0.1858
Tension1,3-Stretch,193.414,50.464,5.951,0.1815
Tension1,3-Stretch,193.614,50.5,5.987,0.1901
Tension1,3-Stretch,193.814,50.534,6.021,0.1830
Tension1,3-Stretch,194.014,50.57,6.057,0.1901
Tension1,3-Stretch,194.214,50.606,6.093,0.1873
Tension1,3-Stretch,194.414,50.642,6.129,0.1916
Tension1,3-Stretch,194.614,50.678,6.165,0.1930
Tension1,3-Stretch,194.814,50.713,6.2,0.1959
Tension1,3-Stretch,195.014,50.748,6.235,0.1944
Tension1,3-Stretch,195.214,50.784,6.271,0.1973
Tension1,3-Stretch,195.414,50.82,6.307,0.1959
Tension1,3-Stretch,195.614,50.856,6.343,0.2002
Tension1,3-Stretch,195.814,50.891,6.378,0.2016
Tension1,3-Stretch,196.014,50.927,6.414,0.2002
Tension1,3-Stretch,196.214,50.963,6.45,0.2073
Tension1,3-Stretch,196.414,50.998,6.485,0.2030
Tension1,3-Stretch,196.614,51.034,6.521,0.2116
Tension1,3-Stretch,196.814,51.069,6.556,0.2088
Tension1,3-Stretch,197.014,51.105,6.592,0.2174
Tension1,3-Stretch,197.214,51.141,6.628,0.2116
Tension1,3-Stretch,197.414,51.177,6.664,0.2159
Tension1,3-Stretch,197.614,51.213,6.7,0.2188
Tension1,3-Stretch,197.814,51.247,6.734,0.2217
Tension1,3-Stretch,198.014,51.283,6.77,0.2188
Tension1,3-Stretch,198.214,51.319,6.806,0.2260
Tension1,3-Stretch,198.414,51.355,6.842,0.2274
Tension1,3-Stretch,198.614,51.391,6.878,0.2288
Tension1,3-Stretch,198.814,51.425,6.912,0.2331
Tension1,3-Stretch,199.014,51.461,6.948,0.2303
Tension1,3-Stretch,199.214,51.497,6.984,0.2346
Tension1,3-Stretch,199.414,51.533,7.02,0.2331
Tension1,3-Stretch,199.614,51.569,7.056,0.2417
Tension1,3-Stretch,199.814,51.603,7.09,0.2374
Tension1,3-Stretch,200.014,51.639,7.126,0.2460
Tension1,3-Stretch,200.214,51.675,7.162,0.2417
Tension1,3-Stretch,200.414,51.711,7.198,0.2460
Tension1,3-Stretch,200.614,51.745,7.232,0.2503
Tension1,3-Stretch,200.814,51.781,7.268,0.2518
Tension1,3-Stretch,201.014,51.817,7.304,0.2518
Tension1,3-Stretch,201.214,51.853,7.34,0.2546
Tension1,3-Stretch,201.414,51.889,7.376,0.2561
Tension1,3-Stretch,201.614,51.923,7.41,0.2575
Tension1,3-Stretch,201.814,51.959,7.446,0.2604
Tension1,3-Stretch,202.014,51.995,7.482,0.2632
Tension1,3-Stretch,202.214,52.031,7.518,0.2690
Tension1,3-Stretch,202.414,52.067,7.554,0.2661
Tension1,3-Stretch,202.614,52.102,7.589,0.2718
Tension1,3-Stretch,202.814,52.138,7.625,0.2704
Tension1,3-Stretch,203.014,52.173,7.66,0.2790
Tension1,3-Stretch,203.214,52.209,7.696,0.2790
Tension1,3-Stretch,203.414,52.245,7.732,0.2804
Tension1,3-Stretch,203.614,52.28,7.767,0.2804
Tension1,3-Stretch,203.814,52.316,7.803,0.2819
Tension1,3-Stretch,204.014,52.352,7.839,0.2890
Tension1,3-Stretch,204.214,52.388,7.875,0.2933
Tension1,3-Stretch,204.414,52.423,7.91,0.2905
Tension1,3-Stretch,204.614,52.458,7.945,0.2962
Tension1,3-Stretch,204.814,52.494,7.981,0.2962
Tension1,3-Stretch,205.014,52.53,8.017,0.2919
Tension1,3-Stretch,205.214,52.566,8.053,0.3034
Tension1,3-Stretch,205.414,52.602,8.089,0.3048
Tension1,3-Stretch,205.614,52.636,8.123,0.3062
Tension1,3-Stretch,205.814,52.672,8.159,0.3062
Tension1,3-Stretch,206.014,52.708,8.195,0.3091
Tension1,3-Stretch,206.214,52.744,8.231,0.3134
Tension1,3-Stretch,206.414,52.78,8.267,0.3148
Tension1,3-Stretch,206.614,52.814,8.301,0.3177
Tension1,3-Stretch,206.814,52.85,8.337,0.3220
Tension1,3-Stretch,207.014,52.886,8.373,0.3234
Tension1,3-Stretch,207.214,52.922,8.409,0.3263
Tension1,3-Stretch,207.414,52.958,8.445,0.3263
Tension1,3-Stretch,207.614,52.992,8.479,0.3320
Tension1,3-Stretch,207.814,53.028,8.515,0.3363
Tension1,3-Stretch,208.014,53.064,8.551,0.3363
Tension1,3-Stretch,208.214,53.1,8.587,0.3392
Tension1,3-Stretch,208.414,53.134,8.621,0.3406
Tension1,3-Stretch,208.614,53.17,8.657,0.3449
Tension1,3-Stretch,208.814,53.206,8.693,0.3464
Tension1,3-Stretch,209.014,53.242,8.729,0.3535
Tension1,3-Stretch,209.214,53.278,8.765,0.3478
Tension1,3-Stretch,209.414,53.313,8.8,0.3521
Tension1,3-Stretch,209.614,53.348,8.835,0.3550
Tension1,3-Stretch,209.814,53.384,8.871,0.3550
Tension1,3-Stretch,210.014,53.408,8.895,0.3693
Tension1,3-Recover,210.048,53.394,8.881,0.3550
Tension1,3-Recover,210.248,53.305,8.792,0.3464
Tension1,3-Recover,210.448,53.216,8.703,0.3320
Tension1,3-Recover,210.648,53.127,8.614,0.3220
Tension1,3-Recover,210.848,53.038,8.525,0.3134
Tension1,3-Recover,211.048,52.948,8.435,0.3034
Tension1,3-Recover,211.248,52.859,8.346,0.2962
Tension1,3-Recover,211.448,52.77,8.257,0.2876
Tension1,3-Recover,211.648,52.681,8.168,0.2790
Tension1,3-Recover,211.848,52.592,8.079,0.2704
Tension1,3-Recover,212.048,52.503,7.99,0.2632
Tension1,3-Recover,212.248,52.414,7.901,0.2561
Tension1,3-Recover,212.448,52.325,7.812,0.2489
Tension1,3-Recover,212.648,52.236,7.723,0.2417
Tension1,3-Recover,212.848,52.147,7.634,0.2331
Tension1,3-Recover,213.048,52.058,7.545,0.2288
Tension1,3-Recover,213.248,51.969,7.456,0.2217
Tension1,3-Recover,213.448,51.88,7.367,0.2116
Tension1,3-Recover,213.648,51.791,7.278,0.2059
Tension1,3-Recover,213.848,51.702,7.189,0.1987
Tension1,3-Recover,214.048,51.613,7.1,0.1930
Tension1,3-Recover,214.248,51.523,7.01,0.1901
Tension1,3-Recover,214.448,51.434,6.921,0.1873
Tension1,3-Recover,214.648,51.345,6.832,0.1772
Tension1,3-Recover,214.848,51.256,6.743,0.1758
Tension1,3-Recover,215.048,51.167,6.654,0.1686
Tension1,3-Recover,215.248,51.078,6.565,0.1615
Tension1,3-Recover,215.448,50.989,6.476,0.1586
Tension1,3-Recover,215.648,50.9,6.387,0.1529
Tension1,3-Recover,215.848,50.811,6.298,0.1471
Tension1,3-Recover,216.048,50.722,6.209,0.1414
Tension1,3-Recover,216.248,50.633,6.12,0.1385
Tension1,3-Recover,216.448,50.544,6.031,0.1342
Tension1,3-Recover,216.648,50.455,5.942,0.1328
Tension1,3-Recover,216.848,50.366,5.853,0.1271
Tension1,3-Recover,217.048,50.277,5.764,0.1199
Tension1,3-Recover,217.248,50.188,5.675,0.1170
Tension1,3-Recover,217.448,50.098,5.585,0.1141
Tension1,3-Recover,217.648,50.009,5.496,0.1098
Tension1,3-Recover,217.848,49.92,5.407,0.1070
Tension1,3-Recover,218.048,49.831,5.318,0.1041
Tension1,3-Recover,218.248,49.742,5.229,0.0969
Tension1,3-Recover,218.448,49.653,5.14,0.0955
Tension1,3-Recover,218.648,49.564,5.051,0.0912
Tension1,3-Recover,218.848,49.475,4.962,0.0869
Tension1,3-Recover,219.048,49.386,4.873,0.0840
Tension1,3-Recover,219.248,49.297,4.784,0.0812
Tension1,3-Recover,219.448,49.208,4.695,0.0769
Tension1,3-Recover,219.648,49.119,4.606,0.0740
Tension1,3-Recover,219.848,49.03,4.517,0.0711
Tension1,3-Recover,220.048,48.941,4.428,0.0683
Tension1,3-Recover,220.248,48.852,4.339,0.0668
Tension1,3-Recover,220.448,48.763,4.25,0.0625
Tension1,3-Recover,220.648,48.673,4.16,0.0582
Tension1,3-Recover,220.848,48.584,4.071,0.0568
Tension1,3-Recover,221.048,48.495,3.982,0.0511
Tension1,3-Recover,221.248,48.406,3.893,0.0496
Tension1,3-Recover,221.448,48.317,3.804,0.0468
Tension1,3-Recover,221.648,48.228,3.715,0.0439
Tension1,3-Recover,221.848,48.139,3.626,0.0396
Tension1,3-Recover,222.048,48.05,3.537,0.0396
Tension1,3-Recover,222.248,47.961,3.448,0.0324
Tension1,3-Recover,222.448,47.872,3.359,0.0310
Tension1,3-Recover,222.648,47.783,3.27,0.0296
Tension1,3-Recover,222.848,47.694,3.181,0.0238
Tension1,3-Recover,223.048,47.605,3.092,0.0224
Tension1,3-Recover,223.248,47.516,3.003,0.0210
Tension1,3-Recover,223.448,47.427,2.914,0.0167
Tension1,3-Recover,223.648,47.338,2.825,0.0124
Tension1,3-Recover,223.848,47.248,2.735,0.0138
Tension1,3-Recover,224.048,47.159,2.646,0.0109
Tension1,3-Recover,224.248,47.07,2.557,0.0066
Tension1,3-Recover,224.448,46.981,2.468,0.0052
Tension1,3-Recover,224.648,46.892,2.379,0.0023
Tension1,3-Recover,224.848,46.803,2.29,-0.0005
Tension1,3-Recover,225.048,46.714,2.201,-0.0020
Tension1,3-Recover,225.248,46.625,2.112,-0.0063
Tension1,3-Recover,225.448,46.536,2.023,-0.0091
Tension1,3-Recover,225.648,46.447,1.934,-0.0063
Tension1,3-Recover,225.848,46.358,1.845,-0.0106
Tension1,3-Recover,226.048,46.269,1.756,-0.0077
Tension1,3-Recover,226.248,46.18,1.667,-0.0077
Tension1,3-Recover,226.448,46.091,1.578,-0.0077
Tension1,3-Recover,226.648,46.002,1.489,-0.0091
Tension1,3-Recover,226.848,45.913,1.4,-0.0077
Tension1,3-Recover,227.048,45.823,1.31,-0.0106
Tension1,3-Recover,227.248,45.734,1.221,-0.0048
Tension1,3-Recover,227.448,45.645,1.132,-0.0048
Tension1,3-Recover,227.648,45.556,1.043,-0.0063
Tension1,3-Recover,227.848,45.467,0.954,-0.0063
Tension1,3-Recover,228.048,45.378,0.865,-0.0077
Tension1,3-Recover,228.248,45.289,0.776,-0.0077
Tension1,3-Recover,228.448,45.2,0.687,-0.0034
Tension1,3-Recover,228.648,45.111,0.598,-0.0048
Tension1,3-Recover,228.848,45.022,0.509,-0.0063
Tension1,3-Recover,229.048,44.933,0.42,-0.0048
Tension1,3-Recover,229.248,44.844,0.331,-0.0034
Tension1,3-Recover,229.448,44.755,0.242,-0.0063
Tension1,3-Recover,229.648,44.666,0.153,-0.0048
Tension1,3-Recover,229.848,44.577,0.064,-0.0048
Tension1,3-Rest,230.048,44.513,0,-0.0020
Tension1,3-Rest,230.248,44.513,0,-0.0063
Tension1,3-Rest,230.448,44.513,0,-0.0034
Tension1,3-Rest,230.648,44.513,0,-0.0034
Tension1,3-Rest,230.848,44.513,0,-0.0020
Tension1,3-Rest,231.048,44.513,0,-0.0005
Tension1,3-Rest,231.248,44.513,0,-0.0020
Tension1,3-Rest,231.448,44.513,0,-0.0005
Tension1,3-Rest,231.648,44.513,0,-0.0020
Tension1,3-Rest,231.848,44.513,0,-0.0020
Tension1,3-Rest,232.048,44.513,0,-0.0005
Tension1,3-Rest,232.248,44.513,0,-0.0005
Tension1,3-Rest,232.448,44.513,0,-0.0020
Tension1,3-Rest,232.648,44.513,0,-0.0005
Tension1,3-Rest,232.848,44.513,0,0.0009
Tension1,3-Rest,233.048,44.513,0,-0.0020
Tension1,3-Rest,233.248,44.513,0,-0.0020
Tension1,3-Rest,233.448,44.513,0,-0.0005
Tension1,3-Rest,233.648,44.513,0,-0.0020
Tension1,3-Rest,233.848,44.513,0,-0.0005
Tension1,3-Rest,234.048,44.513,0,-0.0020
Tension1,3-Rest,234.248,44.513,0,-0.0020
Tension1,3-Rest,234.448,44.513,0,0.0009
Tension1,3-Rest,234.648,44.513,0,-0.0005
Tension1,3-Rest,234.848,44.513,0,-0.0005
Tension1,3-Rest,235.048,44.513,0,0.0009
Tension1,3-Rest,235.248,44.513,0,-0.0005
Tension1,3-Rest,235.448,44.513,0,-0.0005
Tension1,3-Rest,235.648,44.513,0,0.0009
Tension1,3-Rest,235.848,44.513,0,-0.0005
Tension1,3-Rest,236.048,44.513,0,-0.0020
Tension1,3-Rest,236.248,44.513,0,0.0009
Tension1,3-Rest,236.448,44.513,0,-0.0005
Tension1,3-Rest,236.648,44.513,0,-0.0005
Tension1,3-Rest,236.848,44.513,0,-0.0005
Tension1,3-Rest,237.048,44.513,0,-0.0005
Tension1,3-Rest,237.248,44.513,0,-0.0005
Tension1,3-Rest,237.448,44.513,0,0.0023
Tension1,3-Rest,237.648,44.513,0,-0.0020
Tension1,3-Rest,237.848,44.513,0,-0.0005
Tension1,3-Rest,238.048,44.513,0,0.0009
Tension1,3-Rest,238.248,44.513,0,-0.0005
Tension1,3-Rest,238.448,44.513,0,-0.0005
Tension1,3-Rest,238.648,44.513,0,0.0009
Tension1,3-Rest,238.848,44.513,0,-0.0005
Tension1,3-Rest,239.048,44.513,0,-0.0005
Tension1,3-Rest,239.248,44.513,0,0.0009
Tension1,3-Rest,239.448,44.513,0,-0.0005
Tension1,3-Rest,239.648,44.513,0,-0.0005
Tension1,3-Rest,239.848,44.513,0,0.0023
Tension1,3-Rest,240.048,44.513,0,-0.0005
